date,label
2025/4/9,jx
2025/4/29,a̓
2025/5/3,@LO 
2025/5/4,݂ǂ̓  
2025/5/5,ǂ̓
2025/5/6,U֋x
2025/5/21,jx
2025/6/4,jx
2025/7/2,jx
2025/7/21,j
2025/8/11,R̓
2025/8/12,~x
2025/8/13,~x
2025/8/14,~x
2025/8/15,~x
2025/9/3,jx
2025/9/15,hV̓
2025/9/23,H̓
2025/10/8,jx
2025/10/13,X|[c̓
2025/11/3,̓
2025/11/19,jx
2025/11/23,ΘJӂ̓
2025/11/24,U֋x
2025/12/3,jx
2025/12/29,Nx
2025/12/30,Nx
2025/12/31,Nx
2026/1/1,x
2026/1/2,x
2026/1/12,l̓
2026/1/28,jx
2026/2/11,LO
2026/2/23,Vca
2026/3/4,jx
2026/3/20,t̓
